timestamp,name,attribute_name,value
2021-10-18 13:15:38.887,EV Chargers,power,64.969
2021-10-18 13:45:40.835,EV Chargers,power,73.981
2021-10-18 14:15:41.559,EV Chargers,power,72.745
2021-10-18 14:45:42.933,EV Chargers,power,75.812
2021-10-18 15:16:02.748,EV Chargers,power,94.165
2021-10-18 15:46:21.923,EV Chargers,power,122.748
2021-10-18 16:16:38.704,EV Chargers,power,155.296
2021-10-18 16:47:00.792,EV Chargers,power,159.58
2021-10-18 17:17:25.798,EV Chargers,power,162.144
2021-10-18 17:47:44.828,EV Chargers,power,161.284
2021-10-18 18:18:11.178,EV Chargers,power,158.819
2021-10-18 18:48:31.306,EV Chargers,power,151.374
2021-10-18 19:18:51.579,EV Chargers,power,142.174
2021-10-18 19:49:11.755,EV Chargers,power,134.34
2021-10-18 20:19:29.364,EV Chargers,power,131.007
2021-10-18 20:49:56.027,EV Chargers,power,119.924
2021-10-18 21:20:21.171,EV Chargers,power,108.775
2021-10-18 22:21:04.554,EV Chargers,power,96.378
2021-10-18 22:51:24.797,EV Chargers,power,79.543
2021-10-18 23:21:49.059,EV Chargers,power,63.187
2021-10-18 23:52:07.679,EV Chargers,power,47.934
2021-10-19 00:22:36.765,EV Chargers,power,41.077
2021-10-19 00:52:58.419,EV Chargers,power,33.273
2021-10-19 01:23:20.785,EV Chargers,power,29.634
2021-10-19 01:53:21.232,EV Chargers,power,19.238
2021-10-19 02:23:40.879,EV Chargers,power,20.326
2021-10-19 02:54:08.795,EV Chargers,power,19.772
2021-10-19 03:24:24.168,EV Chargers,power,15.989
2021-10-19 03:54:39.391,EV Chargers,power,11.695
2021-10-19 04:25:01.374,EV Chargers,power,10.816
2021-10-19 04:55:20.962,EV Chargers,power,11.488
2021-10-19 05:25:38.903,EV Chargers,power,13.129
2021-10-19 05:56:05.81,EV Chargers,power,19.605
2021-10-19 06:26:27.848,EV Chargers,power,33.331
2021-10-19 06:56:58.238,EV Chargers,power,51.269
2021-10-19 07:26:58.626,EV Chargers,power,63.748
2021-10-19 07:57:18.104,EV Chargers,power,65.481
2021-10-19 08:27:38.052,EV Chargers,power,62.564
2021-10-19 08:58:03.097,EV Chargers,power,56.268
2021-10-19 09:28:20.06,EV Chargers,power,56.415
2021-10-19 09:58:47.559,EV Chargers,power,61.646
2021-10-19 10:29:08.856,EV Chargers,power,62.651
2021-10-19 10:59:56.375,EV Chargers,power,69.46
2021-10-19 11:29:56.707,EV Chargers,power,67.24
2021-10-19 12:00:16.137,EV Chargers,power,65.121
2021-10-19 12:30:40.08,EV Chargers,power,66.017
2021-10-19 13:00:40.62,EV Chargers,power,68.209
2021-10-19 13:30:42.171,EV Chargers,power,74.759
2021-10-19 14:00:59.485,EV Chargers,power,80.425
2021-10-19 14:31:24.312,EV Chargers,power,83.801
2021-10-19 15:01:44.395,EV Chargers,power,92.826
2021-10-19 15:31:45.707,EV Chargers,power,104.196
2021-10-19 16:02:07.582,EV Chargers,power,136.786
2021-10-19 16:32:34.23,EV Chargers,power,153.487
2021-10-19 17:03:03.588,EV Chargers,power,173.668
2021-10-19 17:33:23.619,EV Chargers,power,181.069
2021-10-19 18:03:49.319,EV Chargers,power,181.284
2021-10-19 18:33:49.717,EV Chargers,power,173.036
2021-10-19 19:04:24.741,EV Chargers,power,166.735
2021-10-19 19:34:50.157,EV Chargers,power,164.418
2021-10-19 20:05:12.39,EV Chargers,power,163.434
2021-10-19 20:35:33.646,EV Chargers,power,160.123
2021-10-19 21:05:55.433,EV Chargers,power,149.106
2021-10-19 21:36:22.141,EV Chargers,power,138.542
2021-10-19 22:06:19.08,EV Chargers,power,125.781
2021-10-19 22:36:40.059,EV Chargers,power,106.592
2021-10-19 23:07:02.565,EV Chargers,power,84.745
2021-10-19 23:37:21.133,EV Chargers,power,65.456
2021-10-20 00:08:02.766,EV Chargers,power,54.198
2021-10-20 00:38:03.206,EV Chargers,power,42.331
2021-10-20 01:08:24.722,EV Chargers,power,31.868
2021-10-20 01:38:44.603,EV Chargers,power,28.572
2021-10-20 02:09:00.686,EV Chargers,power,24.595
2021-10-20 02:39:16.591,EV Chargers,power,20.72
2021-10-20 03:09:37.299,EV Chargers,power,21.912
2021-10-20 03:39:53.554,EV Chargers,power,17.903
2021-10-20 04:10:10.207,EV Chargers,power,14.738
2021-10-20 04:40:35.037,EV Chargers,power,13.49
2021-10-20 05:41:45.706,EV Chargers,power,13.072
2021-10-20 06:11:46.055,EV Chargers,power,27.669
2021-10-20 06:42:11.823,EV Chargers,power,45.084
2021-10-20 07:12:12.659,EV Chargers,power,59.749
2021-10-20 07:42:33.719,EV Chargers,power,64.782
2021-10-20 08:12:53.691,EV Chargers,power,66.83
2021-10-20 08:43:14.071,EV Chargers,power,70.664
2021-10-20 09:13:36.388,EV Chargers,power,72.198
2021-10-20 09:44:02.865,EV Chargers,power,68.722
2021-10-20 10:14:03.246,EV Chargers,power,67.253
2021-10-20 10:44:23.239,EV Chargers,power,68.539
2021-10-20 11:14:43.642,EV Chargers,power,71.892
2021-10-20 11:45:06.944,EV Chargers,power,75.838
2021-10-20 12:15:25.105,EV Chargers,power,72.573
2021-10-20 12:45:57.652,EV Chargers,power,71.055
2021-10-20 13:16:25.513,EV Chargers,power,76.782
2021-10-20 13:46:45.932,EV Chargers,power,86.188
2021-10-20 14:17:06.842,EV Chargers,power,87.68
2021-10-20 14:47:30.327,EV Chargers,power,94.104
2021-10-20 15:17:50.242,EV Chargers,power,114.122
2021-10-20 15:48:17.423,EV Chargers,power,133.501
2021-10-20 16:18:36.838,EV Chargers,power,148.145
2021-10-20 16:48:57.906,EV Chargers,power,159.236
2021-10-20 17:19:14.456,EV Chargers,power,172.263
2021-10-20 17:49:46.931,EV Chargers,power,176.954
2021-10-20 18:20:06.113,EV Chargers,power,178.502
2021-10-20 18:50:29.336,EV Chargers,power,172.759
2021-10-20 19:20:54.261,EV Chargers,power,164.295
2021-10-20 19:51:21.696,EV Chargers,power,161.747
2021-10-20 20:21:42.252,EV Chargers,power,165.644
2021-10-20 20:52:22.448,EV Chargers,power,149.312
2021-10-20 21:22:23.143,EV Chargers,power,135.252
2021-10-20 22:23:03.418,EV Chargers,power,106.123
2021-10-20 22:53:19.392,EV Chargers,power,89.761
2021-10-20 23:23:41.311,EV Chargers,power,69.526
2021-10-20 23:54:02.035,EV Chargers,power,58.294
2021-10-21 00:24:27.151,EV Chargers,power,49.534
2021-10-21 00:54:47.055,EV Chargers,power,37.791
2021-10-21 01:25:06.544,EV Chargers,power,30.733
2021-10-21 01:55:07.528,EV Chargers,power,28.914
2021-10-21 02:25:27.181,EV Chargers,power,25.541
2021-10-21 02:55:54.766,EV Chargers,power,21.732
2021-10-21 03:25:55.386,EV Chargers,power,17.105
2021-10-21 03:56:25.967,EV Chargers,power,13.447
2021-10-21 04:26:44.058,EV Chargers,power,12.71
2021-10-21 04:57:04,EV Chargers,power,12.211
2021-10-21 05:58:14.792,EV Chargers,power,15.083
2021-10-21 06:28:15.41,EV Chargers,power,29.217
2021-10-21 06:58:15.977,EV Chargers,power,57.261
2021-10-21 07:28:32.451,EV Chargers,power,69.802
2021-10-21 07:58:54.419,EV Chargers,power,77.069
2021-10-21 08:29:14.67,EV Chargers,power,78.346
2021-10-21 08:59:33.301,EV Chargers,power,75.124
2021-10-21 09:29:51.542,EV Chargers,power,73.406
2021-10-21 10:00:13.766,EV Chargers,power,73.837
2021-10-21 10:30:34.775,EV Chargers,power,76.553
2021-10-21 11:00:55.025,EV Chargers,power,82.892
2021-10-21 11:31:11.565,EV Chargers,power,82.366
2021-10-21 12:01:53.385,EV Chargers,power,76.415
2021-10-21 12:32:09.134,EV Chargers,power,71.368
2021-10-21 13:02:29.877,EV Chargers,power,74.752
2021-10-21 13:32:30.625,EV Chargers,power,79.409
2021-10-21 14:02:55.295,EV Chargers,power,89.765
2021-10-21 14:33:20.776,EV Chargers,power,91.002
2021-10-21 15:03:38.145,EV Chargers,power,99.94
2021-10-21 15:33:39.229,EV Chargers,power,120.035
2021-10-21 16:04:11.842,EV Chargers,power,151.355
2021-10-21 16:34:32.364,EV Chargers,power,170.767
2021-10-21 17:04:52.374,EV Chargers,power,176.947
2021-10-21 18:06:03.138,EV Chargers,power,170.644
2021-10-21 18:36:03.508,EV Chargers,power,172.636
2021-10-21 19:06:18.523,EV Chargers,power,162.04
2021-10-21 19:36:45.58,EV Chargers,power,157.782
2021-10-21 20:07:07.998,EV Chargers,power,156.61
2021-10-21 20:37:30.641,EV Chargers,power,155.758
2021-10-21 21:07:31.023,EV Chargers,power,148.958
2021-10-21 21:38:02.983,EV Chargers,power,134.425
2021-10-21 22:08:26.491,EV Chargers,power,124.677
2021-10-21 22:38:26.997,EV Chargers,power,112.498
2021-10-21 23:08:49.581,EV Chargers,power,90.147
2021-10-21 23:39:09.189,EV Chargers,power,71.168
2021-10-22 00:09:37.761,EV Chargers,power,58.712
2021-10-22 00:40:02.162,EV Chargers,power,47.909
2021-10-22 01:10:03.163,EV Chargers,power,33.642
2021-10-22 01:40:30.719,EV Chargers,power,24.389
2021-10-22 02:10:31.194,EV Chargers,power,20.122
2021-10-22 02:40:49.101,EV Chargers,power,17.587
2021-10-22 03:41:59.769,EV Chargers,power,13.313
2021-10-22 04:12:01.079,EV Chargers,power,10.87
2021-10-22 04:42:20.962,EV Chargers,power,9.907
2021-10-22 05:12:41.648,EV Chargers,power,13.019
2021-10-22 05:43:00.045,EV Chargers,power,18.674
2021-10-22 06:13:19.299,EV Chargers,power,27.954
2021-10-22 06:43:41.364,EV Chargers,power,45.668
2021-10-22 07:13:57.571,EV Chargers,power,62.988
2021-10-22 07:44:20.246,EV Chargers,power,71.493
2021-10-22 08:14:47.251,EV Chargers,power,73.799
2021-10-22 08:45:03.059,EV Chargers,power,79.249
2021-10-22 09:15:44.389,EV Chargers,power,76.378
2021-10-22 09:45:44.857,EV Chargers,power,82.527
2021-10-22 10:16:08.06,EV Chargers,power,81.867
2021-10-22 10:46:48.434,EV Chargers,power,96.386
2021-10-22 11:16:48.849,EV Chargers,power,99.918
2021-10-22 11:47:05.882,EV Chargers,power,94.074
2021-10-22 12:17:29.299,EV Chargers,power,94.48
2021-10-22 12:47:55.535,EV Chargers,power,90.411
2021-10-22 13:17:57.123,EV Chargers,power,92.147
2021-10-22 13:47:57.56,EV Chargers,power,93.07
2021-10-22 14:18:21.8,EV Chargers,power,96.037
2021-10-22 14:48:37.579,EV Chargers,power,92.325
2021-10-22 15:18:57.624,EV Chargers,power,105.709
2021-10-22 15:49:18.116,EV Chargers,power,120.578
2021-10-22 16:19:37.374,EV Chargers,power,129.696
2021-10-22 16:49:57.73,EV Chargers,power,147.693
2021-10-22 17:20:16.55,EV Chargers,power,151.299
2021-10-22 17:50:36.554,EV Chargers,power,150.618
2021-10-22 18:20:56.345,EV Chargers,power,152.118
2021-10-22 18:51:15.446,EV Chargers,power,147.802
2021-10-22 19:21:31.806,EV Chargers,power,134.256
2021-10-22 19:51:48.712,EV Chargers,power,129.525
2021-10-22 20:22:06.779,EV Chargers,power,134.951
2021-10-22 20:52:23.4,EV Chargers,power,130.334
2021-10-22 21:22:45.468,EV Chargers,power,124.603
2021-10-22 22:23:22.999,EV Chargers,power,115.567
2021-10-22 22:53:38.819,EV Chargers,power,103.458
2021-10-22 23:24:01.539,EV Chargers,power,96.15
2021-10-22 23:54:22.964,EV Chargers,power,89.017
2021-10-23 00:25:01.44,EV Chargers,power,78.621
2021-10-23 00:55:02.515,EV Chargers,power,70.268
2021-10-23 01:25:18.792,EV Chargers,power,59.635
2021-10-23 01:55:19.851,EV Chargers,power,50.052
2021-10-23 02:25:37.562,EV Chargers,power,45.651
2021-10-23 02:56:02.493,EV Chargers,power,41.979
2021-10-23 03:26:23.29,EV Chargers,power,34.937
2021-10-23 03:57:01.626,EV Chargers,power,28.446
2021-10-23 04:27:28.125,EV Chargers,power,23.83
2021-10-23 04:57:28.569,EV Chargers,power,20.651
2021-10-23 05:27:45.077,EV Chargers,power,18.424
2021-10-23 05:58:09.501,EV Chargers,power,13.952
2021-10-23 06:28:29.909,EV Chargers,power,16.309
2021-10-23 06:58:48.877,EV Chargers,power,27.565
2021-10-23 07:29:08.169,EV Chargers,power,36.19
2021-10-23 07:59:25.599,EV Chargers,power,47.655
2021-10-23 08:29:48.534,EV Chargers,power,56.934
2021-10-23 09:00:16.033,EV Chargers,power,73.701
2021-10-23 09:30:37.331,EV Chargers,power,88.282
2021-10-23 10:01:02.65,EV Chargers,power,95.175
2021-10-23 10:31:03.065,EV Chargers,power,106.712
2021-10-23 11:01:18.138,EV Chargers,power,112.072
2021-10-23 11:31:40.355,EV Chargers,power,114.743
2021-10-23 12:02:01.156,EV Chargers,power,115.464
2021-10-23 12:32:20.784,EV Chargers,power,115.893
2021-10-23 13:02:38.315,EV Chargers,power,115.34
2021-10-23 13:32:38.876,EV Chargers,power,113.278
2021-10-23 14:02:56.358,EV Chargers,power,120.005
2021-10-23 14:33:25.493,EV Chargers,power,121.342
2021-10-23 15:03:46.131,EV Chargers,power,123.15
2021-10-23 15:33:46.732,EV Chargers,power,132.941
2021-10-23 16:04:15.958,EV Chargers,power,139.951
2021-10-23 16:34:37.173,EV Chargers,power,142.139
2021-10-23 17:04:54.201,EV Chargers,power,140.187
2021-10-23 17:35:14.729,EV Chargers,power,138.153
2021-10-23 18:05:41.108,EV Chargers,power,141.871
2021-10-23 18:35:59.284,EV Chargers,power,137.314
2021-10-23 19:06:18.35,EV Chargers,power,139.307
2021-10-23 19:36:39.407,EV Chargers,power,134.04
2021-10-23 20:07:03.758,EV Chargers,power,131.248
2021-10-23 20:37:27.619,EV Chargers,power,127.913
2021-10-23 21:07:53.425,EV Chargers,power,115.538
2021-10-23 21:38:13.448,EV Chargers,power,107.986
2021-10-23 22:08:34.193,EV Chargers,power,115.282
2021-10-23 22:38:53.527,EV Chargers,power,108.76
2021-10-23 23:09:19.861,EV Chargers,power,101.784
2021-10-23 23:39:40.682,EV Chargers,power,96.873
2021-10-24 00:09:52.218,EV Chargers,power,90.97
2021-10-24 00:40:08.214,EV Chargers,power,83.395
2021-10-24 01:10:28.228,EV Chargers,power,75.573
2021-10-24 01:40:49.961,EV Chargers,power,65.045
2021-10-24 02:11:12.516,EV Chargers,power,58.325
2021-10-24 02:41:31.564,EV Chargers,power,54.623
2021-10-24 03:11:49.384,EV Chargers,power,45.859
2021-10-24 03:42:04.781,EV Chargers,power,38.716
2021-10-24 04:12:21.709,EV Chargers,power,30.943
2021-10-24 04:42:43.115,EV Chargers,power,23.346
2021-10-24 05:43:54.132,EV Chargers,power,24.228
2021-10-24 06:13:54.697,EV Chargers,power,27.038
2021-10-24 06:44:12.803,EV Chargers,power,25.331
2021-10-24 07:14:32.285,EV Chargers,power,28.031
2021-10-24 07:44:54.907,EV Chargers,power,33.948
2021-10-24 08:15:16.11,EV Chargers,power,48.373
2021-10-24 08:45:36.039,EV Chargers,power,57.354
2021-10-24 09:15:58.491,EV Chargers,power,68.822
2021-10-24 09:46:20.469,EV Chargers,power,84.496
2021-10-24 10:16:35.164,EV Chargers,power,105.056
2021-10-24 10:47:04.793,EV Chargers,power,114.178
2021-10-24 11:17:20.262,EV Chargers,power,128.217
2021-10-24 11:47:39.971,EV Chargers,power,134.579
2021-10-24 12:17:56.272,EV Chargers,power,130.657
2021-10-24 12:48:14.637,EV Chargers,power,139.421
2021-10-24 13:18:15.073,EV Chargers,power,137.697
2021-10-24 13:48:38.759,EV Chargers,power,137.465
2021-10-24 14:19:01.456,EV Chargers,power,137.491
2021-10-24 14:49:22.141,EV Chargers,power,141.096
2021-10-24 15:19:43.019,EV Chargers,power,147.637
2021-10-24 15:50:07.212,EV Chargers,power,152.934
2021-10-24 16:20:29.424,EV Chargers,power,157.089
2021-10-24 16:50:51.317,EV Chargers,power,157.614
2021-10-24 17:21:19.542,EV Chargers,power,158.037
2021-10-24 17:51:20.202,EV Chargers,power,158.421
2021-10-24 18:52:30.772,EV Chargers,power,165.124
2021-10-24 19:22:33.402,EV Chargers,power,166.252
2021-10-24 19:52:34.27,EV Chargers,power,157.83
2021-10-24 20:22:53.716,EV Chargers,power,153.198
2021-10-24 20:53:21.368,EV Chargers,power,141.256
2021-10-24 21:23:49.512,EV Chargers,power,127.201
2021-10-24 22:24:15.935,EV Chargers,power,86.029
2021-10-24 22:54:35.645,EV Chargers,power,66.538
2021-10-24 23:24:55.819,EV Chargers,power,53.618
2021-10-24 23:55:16.297,EV Chargers,power,48.005
2021-10-25 00:25:46.331,EV Chargers,power,40.692
2021-10-25 00:56:15.424,EV Chargers,power,33.021
2021-10-25 01:26:15.894,EV Chargers,power,24.722
2021-10-25 01:56:43.389,EV Chargers,power,21.663
2021-10-25 02:26:59.352,EV Chargers,power,16.25
2021-10-25 02:57:18.859,EV Chargers,power,11.745
2021-10-25 03:27:43.866,EV Chargers,power,8.475
2021-10-25 03:58:08.709,EV Chargers,power,7.7
2021-10-25 04:28:26.51,EV Chargers,power,6.251
2021-10-25 04:58:46.718,EV Chargers,power,7.435
2021-10-25 05:29:08.281,EV Chargers,power,7.788
2021-10-25 05:59:33.626,EV Chargers,power,12.225
2021-10-25 06:29:54.438,EV Chargers,power,23.103
2021-10-25 07:00:16.589,EV Chargers,power,51.552
2021-10-25 07:30:31.483,EV Chargers,power,61.433
2021-10-25 08:00:51.653,EV Chargers,power,65.051
2021-10-25 08:31:24.009,EV Chargers,power,63.968
2021-10-25 09:32:35.423,EV Chargers,power,58.35
2021-10-25 10:02:35.961,EV Chargers,power,57.795
2021-10-25 10:32:59.331,EV Chargers,power,65.877
2021-10-25 11:03:00.199,EV Chargers,power,72.803
2021-10-25 11:33:29.672,EV Chargers,power,69.622
2021-10-25 12:03:52.277,EV Chargers,power,62.347
2021-10-25 12:34:13.39,EV Chargers,power,59.033
2021-10-25 13:04:29.938,EV Chargers,power,62.312
2021-10-25 13:34:30.72,EV Chargers,power,60.597
2021-10-25 14:04:54.584,EV Chargers,power,71.777
2021-10-25 14:35:19.129,EV Chargers,power,70.382
2021-10-25 15:05:44.379,EV Chargers,power,78.767
2021-10-25 15:35:44.774,EV Chargers,power,112.473
2021-10-25 16:06:07.68,EV Chargers,power,138.467
2021-10-25 16:36:27.007,EV Chargers,power,152.212
2021-10-25 17:06:48.291,EV Chargers,power,151.608
2021-10-25 17:37:06.823,EV Chargers,power,145.841
2021-10-25 18:07:33.911,EV Chargers,power,144.016
2021-10-25 18:37:53.39,EV Chargers,power,137.11
2021-10-25 19:08:13.648,EV Chargers,power,134.347
2021-10-25 19:38:31.847,EV Chargers,power,129.445
2021-10-25 20:08:58.737,EV Chargers,power,122.752
2021-10-25 20:39:18.204,EV Chargers,power,114.517
2021-10-25 21:09:42.971,EV Chargers,power,93.619
2021-10-25 21:40:06.417,EV Chargers,power,87.119
2021-10-25 22:10:31.125,EV Chargers,power,88.751
2021-10-25 22:41:01.491,EV Chargers,power,75.782
2021-10-25 23:11:20.729,EV Chargers,power,63.026
2021-10-25 23:41:50.212,EV Chargers,power,55.177
2021-10-26 00:12:08.684,EV Chargers,power,48.777
2021-10-26 00:42:34.677,EV Chargers,power,41.212
2021-10-26 01:12:56.251,EV Chargers,power,32.49
2021-10-26 01:43:16.889,EV Chargers,power,22.563
2021-10-26 02:13:18.287,EV Chargers,power,18.19
2021-10-26 02:43:39.86,EV Chargers,power,15.876
2021-10-26 03:13:59.768,EV Chargers,power,12.716
2021-10-26 03:44:26.763,EV Chargers,power,8.572
2021-10-26 04:14:52.275,EV Chargers,power,9.641
2021-10-26 04:45:14.729,EV Chargers,power,10.056
2021-10-26 05:15:15.882,EV Chargers,power,14.347
2021-10-26 05:45:37.658,EV Chargers,power,20.587
2021-10-26 06:15:53.37,EV Chargers,power,28.714
2021-10-26 06:46:13.881,EV Chargers,power,41.263
2021-10-26 07:16:33.655,EV Chargers,power,52.283
2021-10-26 07:46:54.813,EV Chargers,power,55.912
2021-10-26 08:17:24.153,EV Chargers,power,60.658
2021-10-26 08:47:44.897,EV Chargers,power,59.523
2021-10-26 09:18:07.135,EV Chargers,power,67.184
2021-10-26 09:48:26.188,EV Chargers,power,74.473
2021-10-26 10:18:51.394,EV Chargers,power,70.246
2021-10-26 10:49:12.35,EV Chargers,power,75.11
2021-10-26 11:19:34.463,EV Chargers,power,80.499
2021-10-26 11:49:51.823,EV Chargers,power,79.986
2021-10-26 12:20:12.624,EV Chargers,power,71.501
2021-10-26 12:50:29.326,EV Chargers,power,75.591
2021-10-26 13:20:30.358,EV Chargers,power,73.547
2021-10-26 13:50:46.711,EV Chargers,power,73.864
2021-10-26 14:21:08.905,EV Chargers,power,82.116
2021-10-26 14:51:28.466,EV Chargers,power,89.046
2021-10-26 15:21:45.839,EV Chargers,power,103.266
2021-10-26 15:52:02.884,EV Chargers,power,118.396
2021-10-26 16:22:28.265,EV Chargers,power,150.896
2021-10-26 16:52:50.868,EV Chargers,power,172.129
2021-10-26 17:23:16.878,EV Chargers,power,177.572
2021-10-26 17:53:44.499,EV Chargers,power,174.436
2021-10-26 18:24:12.598,EV Chargers,power,166.673
2021-10-26 18:54:32.871,EV Chargers,power,153.692
2021-10-26 19:24:57.782,EV Chargers,power,148.115
2021-10-26 19:55:14.684,EV Chargers,power,147.928
2021-10-26 20:25:38.398,EV Chargers,power,143.093
2021-10-26 20:55:54.851,EV Chargers,power,130.542
2021-10-26 21:26:15.659,EV Chargers,power,121.967
2021-10-26 22:27:10.937,EV Chargers,power,108.377
2021-10-26 22:57:11.553,EV Chargers,power,98.078
2021-10-26 23:27:12.081,EV Chargers,power,84.589
2021-10-26 23:57:38.042,EV Chargers,power,73.728
2021-10-27 00:28:16.174,EV Chargers,power,66.026
2021-10-27 00:58:42.746,EV Chargers,power,56.096
2021-10-27 01:28:43.302,EV Chargers,power,45.167
2021-10-27 01:59:02.464,EV Chargers,power,37.628
2021-10-27 02:29:29.395,EV Chargers,power,30.859
2021-10-27 02:59:49.251,EV Chargers,power,27.249
2021-10-27 03:30:11.268,EV Chargers,power,23.425
2021-10-27 04:00:43.491,EV Chargers,power,22.699
2021-10-27 04:31:05.064,EV Chargers,power,21.86
2021-10-27 05:01:23.029,EV Chargers,power,21.293
2021-10-27 05:31:47.842,EV Chargers,power,22.914
2021-10-27 06:02:03.559,EV Chargers,power,37.927
2021-10-27 06:32:39.989,EV Chargers,power,54.371
2021-10-27 07:02:59.84,EV Chargers,power,62.393
2021-10-27 07:33:18.985,EV Chargers,power,67.424
2021-10-27 08:03:34.313,EV Chargers,power,76.832
2021-10-27 08:34:14.644,EV Chargers,power,85.786
2021-10-27 09:04:40.984,EV Chargers,power,88.675
2021-10-27 09:35:18.067,EV Chargers,power,87.521
2021-10-27 10:05:18.663,EV Chargers,power,85.415
2021-10-27 10:35:40.958,EV Chargers,power,81.938
2021-10-27 11:06:03.179,EV Chargers,power,87.947
2021-10-27 11:36:19.526,EV Chargers,power,87.3
2021-10-27 12:06:44.944,EV Chargers,power,92.476
2021-10-27 12:36:46.206,EV Chargers,power,83.939
2021-10-27 13:06:47.409,EV Chargers,power,87.797
2021-10-27 13:36:48.292,EV Chargers,power,89.203
2021-10-27 14:07:12.987,EV Chargers,power,98.638
2021-10-27 14:37:32.644,EV Chargers,power,108.085
2021-10-27 15:07:48.646,EV Chargers,power,121.595
2021-10-27 15:37:49.952,EV Chargers,power,141.477
2021-10-27 16:08:11.642,EV Chargers,power,160.163
2021-10-27 16:38:39.029,EV Chargers,power,169.736
2021-10-27 17:09:05.746,EV Chargers,power,176.129
2021-10-27 17:39:21.223,EV Chargers,power,182.716
2021-10-27 18:09:43.599,EV Chargers,power,176.653
2021-10-27 18:40:03.368,EV Chargers,power,167.66
2021-10-27 19:10:28.214,EV Chargers,power,166.358
2021-10-27 19:40:53.704,EV Chargers,power,157.811
2021-10-27 20:11:08.906,EV Chargers,power,159.224
2021-10-27 20:41:34.767,EV Chargers,power,143.656
2021-10-27 21:12:04.561,EV Chargers,power,131.574
2021-10-27 21:42:28.475,EV Chargers,power,126.361
2021-10-27 22:13:01.82,EV Chargers,power,95.007
2021-10-27 22:43:02.8,EV Chargers,power,86.124
2021-10-27 23:13:34.387,EV Chargers,power,71.64
2021-10-27 23:43:55.826,EV Chargers,power,61.494
2021-10-28 00:14:23.789,EV Chargers,power,51.983
2021-10-28 00:44:42.829,EV Chargers,power,41.448
2021-10-28 01:15:00.729,EV Chargers,power,29.906
2021-10-28 01:45:29.617,EV Chargers,power,25.189
2021-10-28 02:15:30.426,EV Chargers,power,19.013
2021-10-28 02:45:50.237,EV Chargers,power,12.912
2021-10-28 03:16:12.666,EV Chargers,power,7.155
2021-10-28 03:46:28.664,EV Chargers,power,5.425
2021-10-28 04:16:44.803,EV Chargers,power,6.666
2021-10-28 04:47:03.735,EV Chargers,power,5.808
2021-10-28 05:17:20.813,EV Chargers,power,4.427
2021-10-28 05:47:40.047,EV Chargers,power,10.145
2021-10-28 06:18:02.439,EV Chargers,power,19.746
2021-10-28 06:48:22.31,EV Chargers,power,38.872
2021-10-28 07:18:40.949,EV Chargers,power,54.452
2021-10-28 07:49:02.367,EV Chargers,power,64.946
2021-10-28 08:19:23.311,EV Chargers,power,67.213
2021-10-28 08:49:47.411,EV Chargers,power,69.284
2021-10-28 09:20:09.257,EV Chargers,power,68.631
2021-10-28 09:50:41.143,EV Chargers,power,71.88
2021-10-28 10:21:09.483,EV Chargers,power,70.079
2021-10-28 10:51:31.524,EV Chargers,power,76.644
2021-10-28 11:51:55.331,EV Chargers,power,72.783
2021-10-28 12:22:24.218,EV Chargers,power,64.017
2021-10-28 12:52:46.214,EV Chargers,power,71.963
2021-10-28 13:22:46.704,EV Chargers,power,71.838
2021-10-28 13:53:14.624,EV Chargers,power,75.287
2021-10-28 14:23:35.129,EV Chargers,power,86.832
2021-10-28 14:53:56.174,EV Chargers,power,92.345
2021-10-28 15:24:28.712,EV Chargers,power,111.584
2021-10-28 15:54:29.595,EV Chargers,power,130.538
2021-10-28 16:24:48.382,EV Chargers,power,156.216
2021-10-28 16:55:11.381,EV Chargers,power,165.966
2021-10-28 17:25:33.53,EV Chargers,power,166.008
2021-10-28 17:55:53.634,EV Chargers,power,167.905
2021-10-28 18:25:54.531,EV Chargers,power,157.054
2021-10-28 18:56:15.788,EV Chargers,power,149.015
2021-10-28 19:26:39.948,EV Chargers,power,145.06
2021-10-28 19:57:02.595,EV Chargers,power,142.511
2021-10-28 20:27:22.865,EV Chargers,power,138.006
2021-10-28 20:57:40.94,EV Chargers,power,135.886
2021-10-28 21:27:59.766,EV Chargers,power,133.99
2021-10-28 22:28:36.708,EV Chargers,power,112.049
2021-10-28 22:58:55.493,EV Chargers,power,97.691
2021-10-28 23:29:15.808,EV Chargers,power,81.746
2021-10-28 23:59:36.394,EV Chargers,power,67.52
2021-10-29 00:30:02.228,EV Chargers,power,51.159
2021-10-29 01:00:02.894,EV Chargers,power,37.37
2021-10-29 01:30:27.607,EV Chargers,power,27.627
2021-10-29 02:00:49.754,EV Chargers,power,20.634
2021-10-29 02:31:14.946,EV Chargers,power,13.497
2021-10-29 03:01:35.914,EV Chargers,power,10.072
2021-10-29 03:32:00.8,EV Chargers,power,5.957
2021-10-29 04:02:29.398,EV Chargers,power,4.724
2021-10-29 04:32:48.901,EV Chargers,power,4.644
2021-10-29 05:03:09.589,EV Chargers,power,4.635
2021-10-29 05:33:10.28,EV Chargers,power,9.477
2021-10-29 06:03:45.34,EV Chargers,power,18.36
2021-10-29 06:33:46.022,EV Chargers,power,33.172
2021-10-29 07:04:01.933,EV Chargers,power,44.199
2021-10-29 07:34:17.972,EV Chargers,power,55.172
2021-10-29 08:04:43.969,EV Chargers,power,63.723
2021-10-29 08:35:10.522,EV Chargers,power,70.014
2021-10-29 09:05:26.795,EV Chargers,power,71.123
2021-10-29 09:35:49.562,EV Chargers,power,72.486
2021-10-29 10:06:08.642,EV Chargers,power,70.385
2021-10-29 10:36:24.709,EV Chargers,power,73.076
2021-10-29 11:06:47.963,EV Chargers,power,84.404
2021-10-29 11:36:49.139,EV Chargers,power,84.095
2021-10-29 12:07:07.748,EV Chargers,power,90.617
2021-10-29 12:37:34.354,EV Chargers,power,88.379
2021-10-29 13:08:10.927,EV Chargers,power,90.067
2021-10-29 13:38:28.777,EV Chargers,power,85.57
2021-10-29 14:08:45.57,EV Chargers,power,90.085
2021-10-29 14:39:07.569,EV Chargers,power,94.082
2021-10-29 15:09:32.232,EV Chargers,power,101.409
2021-10-29 15:39:37.145,EV Chargers,power,130.263
2021-10-29 16:10:00.226,EV Chargers,power,135.214
2021-10-29 16:40:22.096,EV Chargers,power,148.731
2021-10-29 17:10:24.534,EV Chargers,power,154.375
2021-10-29 17:40:46.057,EV Chargers,power,155.201
2021-10-29 18:11:30.509,EV Chargers,power,152.864
2021-10-29 18:41:31.014,EV Chargers,power,147.659
2021-10-29 19:11:33.226,EV Chargers,power,136.385
2021-10-29 19:41:53.728,EV Chargers,power,123.04
2021-10-29 20:12:21.128,EV Chargers,power,124.449
2021-10-29 21:13:31.852,EV Chargers,power,113.368
2021-10-29 21:44:13.896,EV Chargers,power,114.033
2021-10-29 22:14:46.353,EV Chargers,power,105.705
2021-10-29 22:45:26.222,EV Chargers,power,100.411
2021-10-29 23:15:27.247,EV Chargers,power,94.583
2021-10-29 23:45:47.986,EV Chargers,power,88.166
2021-10-30 00:15:58.552,EV Chargers,power,79.597
2021-10-30 00:46:14.463,EV Chargers,power,65.903
2021-10-30 01:16:40.052,EV Chargers,power,53.876
2021-10-30 01:46:56.118,EV Chargers,power,42.595
2021-10-30 02:17:19.859,EV Chargers,power,35.692
2021-10-30 02:47:49.673,EV Chargers,power,30.616
2021-10-30 03:18:13.635,EV Chargers,power,23.198
2021-10-30 03:48:37.858,EV Chargers,power,17.619
2021-10-30 04:18:38.66,EV Chargers,power,14.619
2021-10-30 04:48:54.25,EV Chargers,power,11.741
2021-10-30 05:19:16.32,EV Chargers,power,7.12
2021-10-30 05:49:44.436,EV Chargers,power,1.325
2021-10-30 06:20:08.994,EV Chargers,power,2.596
2021-10-30 06:50:32.828,EV Chargers,power,7.898
2021-10-30 07:20:51.066,EV Chargers,power,15.079
2021-10-30 07:51:13.355,EV Chargers,power,27.396
2021-10-30 08:21:33.789,EV Chargers,power,40.239
2021-10-30 08:51:55.392,EV Chargers,power,56.348
2021-10-30 09:22:11.504,EV Chargers,power,72.093
2021-10-30 09:52:53.66,EV Chargers,power,85.723
2021-10-30 10:22:54.202,EV Chargers,power,86.675
2021-10-30 10:53:13.569,EV Chargers,power,94.525
2021-10-30 11:23:16.476,EV Chargers,power,97.163
2021-10-30 11:53:34.782,EV Chargers,power,102.702
2021-10-30 12:23:55.165,EV Chargers,power,106.839
2021-10-30 12:54:14.45,EV Chargers,power,115.11
2021-10-30 13:24:15.981,EV Chargers,power,114.384
2021-10-30 13:54:38.318,EV Chargers,power,107.345
2021-10-30 14:25:08.844,EV Chargers,power,116.957
2021-10-30 14:56:02.925,EV Chargers,power,126.803
2021-10-30 15:26:03.9,EV Chargers,power,142.912
2021-10-30 15:56:19.233,EV Chargers,power,143.725
2021-10-30 16:26:39.979,EV Chargers,power,137.413
2021-10-30 16:57:01.166,EV Chargers,power,138.916
2021-10-30 17:27:24.97,EV Chargers,power,132.835
2021-10-30 17:57:42.894,EV Chargers,power,137.779
2021-10-30 18:28:06.021,EV Chargers,power,132.995
2021-10-30 18:58:26.024,EV Chargers,power,126.794
2021-10-30 19:28:53.611,EV Chargers,power,124.075
2021-10-30 19:59:30.579,EV Chargers,power,121.477
2021-10-30 20:29:31.209,EV Chargers,power,116.273
2021-10-30 20:59:47.562,EV Chargers,power,108.817
2021-10-30 21:30:10.657,EV Chargers,power,104.906
2021-10-30 22:00:27.869,EV Chargers,power,112.243
2021-10-30 22:30:47.923,EV Chargers,power,106.273
2021-10-30 23:01:10.547,EV Chargers,power,100.7
2021-10-30 23:31:27.061,EV Chargers,power,93.124
2021-10-31 00:01:44.77,EV Chargers,power,87.325
2021-10-31 00:32:08.02,EV Chargers,power,73.343
2021-10-31 01:02:30.042,EV Chargers,power,65.147
2021-10-31 01:32:56.733,EV Chargers,power,57.017
2021-10-31 02:02:57.471,EV Chargers,power,50.756
2021-10-31 02:33:17.588,EV Chargers,power,44.543
2021-10-31 02:03:43.799,EV Chargers,power,50.756
2021-10-31 03:34:00.69,EV Chargers,power,29.838
2021-10-31 04:04:30.751,EV Chargers,power,21.728
2021-10-31 04:34:32.07,EV Chargers,power,17.132
2021-10-31 05:04:47.715,EV Chargers,power,14.14
2021-10-31 05:35:07.886,EV Chargers,power,14.508
2021-10-31 06:35:30.01,EV Chargers,power,13.435
2021-10-31 07:05:48.032,EV Chargers,power,12.684
2021-10-31 07:36:09.504,EV Chargers,power,20.64
2021-10-31 08:06:29.368,EV Chargers,power,30.089
2021-10-31 08:36:45.042,EV Chargers,power,45.829
2021-10-31 09:07:02.986,EV Chargers,power,56.221
2021-10-31 09:37:24.042,EV Chargers,power,67.934
2021-10-31 10:07:44.524,EV Chargers,power,85.509
2021-10-31 10:38:05.063,EV Chargers,power,93.107
2021-10-31 11:08:20.37,EV Chargers,power,106.933
2021-10-31 11:38:42.295,EV Chargers,power,117.437
2021-10-31 12:09:09.173,EV Chargers,power,131.176
2021-10-31 12:39:28.215,EV Chargers,power,132.049
2021-10-31 13:10:02.653,EV Chargers,power,137.39
2021-10-31 13:40:18.539,EV Chargers,power,130.495
2021-10-31 14:10:34.285,EV Chargers,power,126.728
2021-10-31 14:40:55.239,EV Chargers,power,133.693
2021-10-31 15:11:27.428,EV Chargers,power,142.963
2021-10-31 15:41:28.172,EV Chargers,power,146.605
2021-10-31 16:11:28.854,EV Chargers,power,140.309
2021-10-31 16:41:52.714,EV Chargers,power,140.195
2021-10-31 17:12:07.226,EV Chargers,power,140.841
2021-10-31 17:42:27.706,EV Chargers,power,142.172
2021-10-31 18:13:13.587,EV Chargers,power,149.234
2021-10-31 18:43:34.428,EV Chargers,power,151.434
2021-10-31 19:13:50.1,EV Chargers,power,154.641
2021-10-31 19:44:11.651,EV Chargers,power,152.851
2021-10-31 20:14:58.113,EV Chargers,power,148.468
2021-10-31 20:45:00.235,EV Chargers,power,141.917
2021-10-31 21:15:32.225,EV Chargers,power,126.225
2021-10-31 21:45:52.081,EV Chargers,power,113.892
2021-10-31 22:16:09.472,EV Chargers,power,102.54
2021-10-31 23:16:47.498,EV Chargers,power,75.787
2021-10-31 23:17:25.738,EV Chargers,power,75.787
2021-10-31 23:47:26.227,EV Chargers,power,64.66
2021-10-31 23:47:11.066,EV Chargers,power,64.66
2021-11-01 00:17:36.701,EV Chargers,power,55.072
2021-11-01 00:47:58.382,EV Chargers,power,46.467
2021-11-01 01:18:30.746,EV Chargers,power,42.878
2021-11-01 02:19:42.756,EV Chargers,power,31.121
2021-11-01 02:49:45.836,EV Chargers,power,26.259
2021-11-01 03:19:47.263,EV Chargers,power,25.786
2021-11-01 03:49:48.03,EV Chargers,power,23.776
2021-11-01 04:20:23.761,EV Chargers,power,22.404
2021-11-01 04:50:41.377,EV Chargers,power,20.627
2021-11-01 05:21:34.826,EV Chargers,power,20.874
2021-11-01 05:51:35.3,EV Chargers,power,23.811
2021-11-01 06:21:37.062,EV Chargers,power,30.894
2021-11-01 06:52:04.845,EV Chargers,power,50.824
2021-11-01 07:22:05.252,EV Chargers,power,59.797
2021-11-01 07:52:27.753,EV Chargers,power,67.653
2021-11-01 08:22:52.704,EV Chargers,power,70.725
2021-11-01 08:53:31.388,EV Chargers,power,66.683
2021-11-01 09:23:32.474,EV Chargers,power,62.678
2021-11-01 09:53:33.241,EV Chargers,power,61.728
2021-11-01 10:24:00.869,EV Chargers,power,61.529
2021-11-01 10:54:30.778,EV Chargers,power,67.517
2021-11-01 11:24:33.045,EV Chargers,power,68.537
2021-11-01 11:54:34.056,EV Chargers,power,71.982
2021-11-01 12:24:34.893,EV Chargers,power,72.891
2021-11-01 12:55:12.753,EV Chargers,power,78.653
2021-11-01 13:25:31.789,EV Chargers,power,81.352
2021-11-01 13:56:10.771,EV Chargers,power,84.257
2021-11-01 14:26:12.536,EV Chargers,power,88.715
2021-11-01 14:56:51.315,EV Chargers,power,95.55
2021-11-01 15:27:09.433,EV Chargers,power,116.105
2021-11-01 15:57:27.007,EV Chargers,power,139.422
2021-11-01 16:27:58.964,EV Chargers,power,153.518
2021-11-01 16:57:59.462,EV Chargers,power,153.077
2021-11-01 17:28:14.056,EV Chargers,power,156.483
2021-11-01 17:58:43.63,EV Chargers,power,150.992
2021-11-01 18:28:59.09,EV Chargers,power,145.593
2021-11-01 18:59:22.695,EV Chargers,power,149.1
2021-11-01 19:29:38.122,EV Chargers,power,147.618
2021-11-01 19:59:53.416,EV Chargers,power,142.062
2021-11-01 20:30:17.484,EV Chargers,power,128.53
2021-11-01 21:00:41.073,EV Chargers,power,112.692
2021-11-01 21:31:02.752,EV Chargers,power,101.545
2021-11-01 22:01:24.396,EV Chargers,power,92.473
2021-11-01 22:31:45.253,EV Chargers,power,81.45
2021-11-01 23:02:19.576,EV Chargers,power,70.933
2021-11-01 23:32:50.471,EV Chargers,power,62.429
2021-11-02 00:02:49.21,EV Chargers,power,49.773
2021-11-02 00:33:12.689,EV Chargers,power,40.845
2021-11-02 01:03:31.57,EV Chargers,power,33.133
2021-11-02 01:33:48.179,EV Chargers,power,24.396
2021-11-02 02:04:11.566,EV Chargers,power,22.024
2021-11-02 02:34:32.097,EV Chargers,power,19.958
2021-11-02 03:05:01.184,EV Chargers,power,17.397
2021-11-02 03:35:26.749,EV Chargers,power,14.932
2021-11-02 04:05:27.095,EV Chargers,power,14.35
2021-11-02 04:35:50.248,EV Chargers,power,14.723
2021-11-02 05:06:07.495,EV Chargers,power,15.835
2021-11-02 05:36:22.748,EV Chargers,power,22.602
2021-11-02 06:06:40.25,EV Chargers,power,26.964
2021-11-02 06:36:58.85,EV Chargers,power,39.284
2021-11-02 07:07:25.862,EV Chargers,power,49.244
2021-11-02 07:37:42.65,EV Chargers,power,55.412
2021-11-02 08:08:21.638,EV Chargers,power,58.664
2021-11-02 08:38:37.632,EV Chargers,power,61.083
2021-11-02 09:08:38.133,EV Chargers,power,59.201
2021-11-02 09:39:01.058,EV Chargers,power,60.931
2021-11-02 10:09:43.277,EV Chargers,power,62.62
2021-11-02 10:39:44.126,EV Chargers,power,65.629
2021-11-02 11:10:11.045,EV Chargers,power,72.285
2021-11-02 11:40:36.887,EV Chargers,power,76.397
2021-11-02 12:11:04.55,EV Chargers,power,82.757
2021-11-02 12:41:05.137,EV Chargers,power,79.062
2021-11-02 13:11:29.341,EV Chargers,power,76.91
2021-11-02 13:41:54.884,EV Chargers,power,80.314
2021-11-02 14:12:21.069,EV Chargers,power,82.308
2021-11-02 14:42:21.568,EV Chargers,power,94.897
2021-11-02 15:13:10.941,EV Chargers,power,100.935
2021-11-02 15:43:11.542,EV Chargers,power,113.198
2021-11-02 16:13:27.596,EV Chargers,power,134.762
2021-11-02 16:43:45.157,EV Chargers,power,156.929
2021-11-02 17:14:00.114,EV Chargers,power,166.662
2021-11-02 17:44:25.616,EV Chargers,power,168.012
2021-11-02 18:14:48.103,EV Chargers,power,161.115
2021-11-02 18:45:15.345,EV Chargers,power,158.682
2021-11-02 19:15:59.056,EV Chargers,power,156.012
2021-11-02 19:46:23.61,EV Chargers,power,153.276
2021-11-02 20:16:24.276,EV Chargers,power,149.564
2021-11-02 20:46:48.809,EV Chargers,power,134.363
2021-11-02 21:17:05.573,EV Chargers,power,124.773
2021-11-02 21:47:27.25,EV Chargers,power,114.051
2021-11-02 22:17:43.85,EV Chargers,power,103.966
2021-11-02 23:18:32.719,EV Chargers,power,77.94
2021-11-02 23:48:55.235,EV Chargers,power,63.473
2021-11-03 00:19:21.338,EV Chargers,power,53.161
2021-11-03 00:49:22.493,EV Chargers,power,42.526
2021-11-03 01:19:43.044,EV Chargers,power,35.654
2021-11-03 01:50:31.351,EV Chargers,power,32.502
2021-11-03 02:20:31.953,EV Chargers,power,26.622
2021-11-03 02:50:51.576,EV Chargers,power,23.476
2021-11-03 03:21:07.817,EV Chargers,power,22.014
2021-11-03 03:51:24.534,EV Chargers,power,18.462
2021-11-03 04:21:42.573,EV Chargers,power,17.836
2021-11-03 04:52:04.412,EV Chargers,power,16.736
2021-11-03 05:22:20.417,EV Chargers,power,17.918
2021-11-03 05:52:36.912,EV Chargers,power,24.385
2021-11-03 06:22:56.406,EV Chargers,power,37.765
2021-11-03 06:53:13.78,EV Chargers,power,53.393
2021-11-03 07:23:29.741,EV Chargers,power,56.061
2021-11-03 07:53:53.089,EV Chargers,power,68.048
2021-11-03 08:24:25.222,EV Chargers,power,75.736
2021-11-03 08:54:44.524,EV Chargers,power,77.787
2021-11-03 09:24:45.24,EV Chargers,power,75.184
2021-11-03 09:55:13.452,EV Chargers,power,71.23
2021-11-03 10:25:42.819,EV Chargers,power,68.758
2021-11-03 10:56:10.424,EV Chargers,power,79.433
2021-11-03 11:26:31.15,EV Chargers,power,79.32
2021-11-03 11:56:52.191,EV Chargers,power,84.609
2021-11-03 12:11:23.731,EV Chargers,power,91.578
2021-11-03 12:41:46.426,EV Chargers,power,89.874
2021-11-03 13:11:46.931,EV Chargers,power,93.459
2021-11-03 13:41:47.459,EV Chargers,power,89.69
2021-11-03 14:11:49.041,EV Chargers,power,92.453
2021-11-03 14:42:13.057,EV Chargers,power,101.79
2021-11-03 15:12:13.59,EV Chargers,power,116.783
2021-11-03 15:42:14.295,EV Chargers,power,132.18
2021-11-03 16:12:15.786,EV Chargers,power,143.297
2021-11-03 16:42:16.812,EV Chargers,power,156.739
2021-11-03 17:12:34.046,EV Chargers,power,156.994
2021-11-03 17:42:34.815,EV Chargers,power,159.195
2021-11-03 18:12:36.045,EV Chargers,power,155.605
2021-11-03 18:42:36.942,EV Chargers,power,155.427
2021-11-03 19:12:38.674,EV Chargers,power,156.435
2021-11-03 19:42:59.414,EV Chargers,power,158.837
2021-11-03 20:13:00.793,EV Chargers,power,154.594
2021-11-03 20:43:01.513,EV Chargers,power,144.196
2021-11-03 21:13:03.586,EV Chargers,power,130.811
2021-11-03 21:43:04.479,EV Chargers,power,116.818
2021-11-03 22:13:25.712,EV Chargers,power,110.586
2021-11-03 22:43:26.753,EV Chargers,power,101.505
2021-11-03 23:13:59.993,EV Chargers,power,119.168
2021-11-03 23:44:00.617,EV Chargers,power,104.044
2021-11-04 00:13:48.87,EV Chargers,power,88.383
2021-11-04 00:43:51.546,EV Chargers,power,76.256
2021-11-04 01:13:53.159,EV Chargers,power,70.59
2021-11-04 01:44:14.34,EV Chargers,power,62.583
2021-11-04 02:14:15.636,EV Chargers,power,55.101
2021-11-04 02:44:16.539,EV Chargers,power,51.119
2021-11-04 03:14:18.707,EV Chargers,power,43.555
2021-11-04 03:44:48.457,EV Chargers,power,40.317
2021-11-04 04:14:49.434,EV Chargers,power,37.55
2021-11-04 04:44:49.907,EV Chargers,power,38.624
2021-11-04 05:14:50.636,EV Chargers,power,36.117
2021-11-04 05:44:51.066,EV Chargers,power,40.563
2021-11-04 06:15:06.659,EV Chargers,power,51.397
2021-11-04 06:45:07.352,EV Chargers,power,63.938
2021-11-04 07:15:07.937,EV Chargers,power,81.279
2021-11-04 07:45:08.533,EV Chargers,power,92.081
2021-11-04 08:15:08.899,EV Chargers,power,93.441
2021-11-04 08:45:09.461,EV Chargers,power,91.661
2021-11-04 09:15:10.183,EV Chargers,power,87.413
2021-11-04 09:45:31.877,EV Chargers,power,90.679
2021-11-04 10:15:33.336,EV Chargers,power,90.238
2021-11-04 10:45:34.132,EV Chargers,power,103.315
2021-11-04 11:15:34.886,EV Chargers,power,98.255
2021-11-04 11:46:11.797,EV Chargers,power,94.246
2021-11-04 12:16:12.391,EV Chargers,power,91.103
2021-11-04 12:46:12.92,EV Chargers,power,91.101
2021-11-04 13:16:13.565,EV Chargers,power,88.917
2021-11-04 13:46:14.107,EV Chargers,power,99.682
2021-11-04 14:16:40.852,EV Chargers,power,110.799
2021-11-04 14:46:41.533,EV Chargers,power,117.337
2021-11-04 15:16:42.583,EV Chargers,power,130.036
2021-11-04 15:46:43.228,EV Chargers,power,152.424
2021-11-04 16:16:43.999,EV Chargers,power,176.242
2021-11-04 16:47:05.553,EV Chargers,power,179.219
2021-11-04 17:17:07.279,EV Chargers,power,187.292
2021-11-04 17:47:07.771,EV Chargers,power,195.055
2021-11-04 18:17:08.434,EV Chargers,power,185.796
2021-11-04 18:47:28.453,EV Chargers,power,175.461
2021-11-04 19:17:29.138,EV Chargers,power,179.257
2021-11-04 19:47:29.562,EV Chargers,power,181.701
2021-11-04 20:17:30.6,EV Chargers,power,183.124
2021-11-04 20:47:31.153,EV Chargers,power,181.455
2021-11-04 21:17:49.537,EV Chargers,power,177.022
2021-11-04 21:47:50.375,EV Chargers,power,167.893
2021-11-04 22:17:50.991,EV Chargers,power,156.24
2021-11-04 23:17:43.588,EV Chargers,power,128.064
2021-11-04 23:47:59.178,EV Chargers,power,108.053
2021-11-05 00:18:17.595,EV Chargers,power,92.706
2021-11-05 00:48:18.258,EV Chargers,power,77.273
2021-11-05 01:18:18.77,EV Chargers,power,64.948
2021-11-05 01:48:19.243,EV Chargers,power,58.345
2021-11-05 02:18:19.719,EV Chargers,power,51.39
2021-11-05 02:48:20.104,EV Chargers,power,43.084
2021-11-05 03:18:20.627,EV Chargers,power,38.599
2021-11-05 03:48:21.539,EV Chargers,power,34.285
2021-11-05 04:18:22.052,EV Chargers,power,31.215
2021-11-05 04:48:23.447,EV Chargers,power,29.74
2021-11-05 05:18:56.891,EV Chargers,power,30.137
2021-11-05 05:48:57.578,EV Chargers,power,36.301
2021-11-05 06:18:58.033,EV Chargers,power,43.363
2021-11-05 06:48:58.607,EV Chargers,power,54.392
2021-11-05 07:18:59.231,EV Chargers,power,66.99
2021-11-05 07:49:27.123,EV Chargers,power,77.522
2021-11-05 08:19:27.654,EV Chargers,power,87.87
2021-11-05 08:49:28.164,EV Chargers,power,91.187
2021-11-05 09:19:29.457,EV Chargers,power,88.813
2021-11-05 09:49:30.049,EV Chargers,power,95.159
2021-11-05 10:19:30.819,EV Chargers,power,94.457
2021-11-05 10:49:48.725,EV Chargers,power,108.62
2021-11-05 11:19:49.269,EV Chargers,power,101.282
2021-11-05 11:49:49.761,EV Chargers,power,109.588
2021-11-05 12:19:50.194,EV Chargers,power,113.169
2021-11-05 12:50:13.701,EV Chargers,power,106.414
2021-11-05 13:20:14.185,EV Chargers,power,109.107
2021-11-05 13:50:14.677,EV Chargers,power,111.414
2021-11-05 14:20:15.083,EV Chargers,power,121.416
2021-11-05 14:50:15.527,EV Chargers,power,122.082
2021-11-05 15:20:16.06,EV Chargers,power,133.588
2021-11-05 15:50:16.57,EV Chargers,power,148.98
2021-11-05 16:20:42.55,EV Chargers,power,159.529
2021-11-05 16:50:43.352,EV Chargers,power,163.516
2021-11-05 17:20:44.046,EV Chargers,power,172.523
2021-11-05 17:50:44.56,EV Chargers,power,174.653
2021-11-05 18:20:45.549,EV Chargers,power,174.532
2021-11-05 18:51:04.242,EV Chargers,power,166.815
2021-11-05 19:21:05.189,EV Chargers,power,159.624
2021-11-05 19:51:06.259,EV Chargers,power,159.867
2021-11-05 20:21:06.866,EV Chargers,power,163.198
2021-11-05 20:51:07.213,EV Chargers,power,159.464
2021-11-05 21:21:07.733,EV Chargers,power,157.128
2021-11-05 21:51:08.232,EV Chargers,power,154.279
2021-11-05 22:21:08.697,EV Chargers,power,150.05
2021-11-05 23:21:29.904,EV Chargers,power,155.664
2021-11-05 23:51:31.04,EV Chargers,power,141.94
2021-11-06 00:21:54.372,EV Chargers,power,128.954
2021-11-06 00:51:55.13,EV Chargers,power,115.403
2021-11-06 01:21:56.329,EV Chargers,power,102.679
2021-11-06 01:51:57.212,EV Chargers,power,82.749
2021-11-06 02:21:58.96,EV Chargers,power,71.644
2021-11-06 02:52:19.51,EV Chargers,power,64.488
2021-11-06 03:22:24.574,EV Chargers,power,56.08
2021-11-06 03:52:25.79,EV Chargers,power,50.497
2021-11-06 04:22:26.914,EV Chargers,power,45.751
2021-11-06 04:52:28.239,EV Chargers,power,40.857
2021-11-06 05:22:59.788,EV Chargers,power,38.482
2021-11-06 05:53:00.604,EV Chargers,power,32.928
2021-11-06 06:23:20.433,EV Chargers,power,28.628
2021-11-06 07:23:27.542,EV Chargers,power,43.643
2021-11-06 07:53:29.15,EV Chargers,power,57.362
2021-11-06 08:23:50.432,EV Chargers,power,70.23
2021-11-06 08:53:51.395,EV Chargers,power,92.229
2021-11-06 09:23:53.09,EV Chargers,power,105.705
2021-11-06 09:54:22.599,EV Chargers,power,118.767
2021-11-06 10:24:23.665,EV Chargers,power,120.663
2021-11-06 10:54:24.358,EV Chargers,power,129.246
2021-11-06 11:24:54.587,EV Chargers,power,127.559
2021-11-06 11:55:15.562,EV Chargers,power,131.587
2021-11-06 12:25:16.72,EV Chargers,power,139.011
2021-11-06 12:55:17.402,EV Chargers,power,142.114
2021-11-06 13:25:19.896,EV Chargers,power,139.638
2021-11-06 13:55:20.864,EV Chargers,power,143.867
2021-11-06 14:25:41.583,EV Chargers,power,153.497
2021-11-06 14:55:42.455,EV Chargers,power,162.6
2021-11-06 15:25:43.768,EV Chargers,power,167.982
2021-11-06 15:55:44.217,EV Chargers,power,168.825
2021-11-06 16:25:46.03,EV Chargers,power,170.606
2021-11-06 16:56:05.803,EV Chargers,power,170.156
2021-11-06 17:26:06.338,EV Chargers,power,173.806
2021-11-06 17:56:07.176,EV Chargers,power,183.246
2021-11-06 18:26:07.709,EV Chargers,power,175.997
2021-11-06 18:56:08.493,EV Chargers,power,168.421
2021-11-06 19:26:28.31,EV Chargers,power,168.838
2021-11-06 19:56:56.046,EV Chargers,power,164.495
2021-11-06 20:26:56.372,EV Chargers,power,160.338
2021-11-06 20:56:56.74,EV Chargers,power,158.222
2021-11-06 21:27:34.726,EV Chargers,power,151.913
2021-11-06 21:57:35.234,EV Chargers,power,152.095
2021-11-06 22:27:35.785,EV Chargers,power,150.351
2021-11-06 23:27:59.047,EV Chargers,power,116.07
2021-11-06 23:57:59.842,EV Chargers,power,112.497
2021-11-07 00:28:29.677,EV Chargers,power,100.751
2021-11-07 00:58:30.443,EV Chargers,power,91.02
2021-11-07 01:28:31.53,EV Chargers,power,77.108
2021-11-07 01:58:33.313,EV Chargers,power,66.724
2021-11-07 02:28:34.721,EV Chargers,power,53.545
2021-11-07 02:58:52.154,EV Chargers,power,44.887
2021-11-07 03:28:54.272,EV Chargers,power,37.805
2021-11-07 03:58:58.724,EV Chargers,power,27.789
2021-11-07 04:29:15.739,EV Chargers,power,18.445
2021-11-07 04:59:16.782,EV Chargers,power,12.103
2021-11-07 05:29:18.651,EV Chargers,power,9.992
2021-11-07 05:59:19.557,EV Chargers,power,5.682
2021-11-07 06:29:21.926,EV Chargers,power,1.371
2021-11-07 06:59:43.912,EV Chargers,power,0.0
2021-11-07 07:30:02.634,EV Chargers,power,16.88
2021-11-07 08:00:03.904,EV Chargers,power,31.167
2021-11-07 08:30:05.307,EV Chargers,power,48.01
2021-11-07 09:00:24.546,EV Chargers,power,56.982
2021-11-07 09:30:25.89,EV Chargers,power,71.376
2021-11-07 10:00:56.528,EV Chargers,power,90.203
2021-11-07 10:30:57.708,EV Chargers,power,95.137
2021-11-07 11:01:27.592,EV Chargers,power,102.791
2021-11-07 11:31:28.109,EV Chargers,power,116.805
2021-11-07 12:01:55.294,EV Chargers,power,125.953
2021-11-07 12:31:56.664,EV Chargers,power,126.506
2021-11-07 13:01:57.986,EV Chargers,power,125.96
2021-11-07 13:31:58.971,EV Chargers,power,120.77
2021-11-07 14:01:59.689,EV Chargers,power,123.016
2021-11-07 14:32:00.154,EV Chargers,power,124.803
2021-11-07 15:02:01.181,EV Chargers,power,131.481
2021-11-07 15:32:20.859,EV Chargers,power,124.837
2021-11-07 16:02:21.888,EV Chargers,power,128.182
2021-11-07 16:32:22.793,EV Chargers,power,133.995
2021-11-07 17:02:23.65,EV Chargers,power,143.884
2021-11-07 17:32:25.074,EV Chargers,power,161.577
2021-11-07 18:02:40.717,EV Chargers,power,170.719
2021-11-07 18:32:42.259,EV Chargers,power,167.441
2021-11-07 19:02:43.428,EV Chargers,power,164.014
2021-11-07 19:32:46.056,EV Chargers,power,166.346
2021-11-07 20:03:05.4,EV Chargers,power,159.648
2021-11-07 20:33:06.679,EV Chargers,power,154.918
2021-11-07 21:03:27.976,EV Chargers,power,145.793
2021-11-07 21:33:44.871,EV Chargers,power,137.117
2021-11-07 22:04:04.864,EV Chargers,power,131.618
2021-11-07 22:34:05.843,EV Chargers,power,118.414
2021-11-07 23:04:14.594,EV Chargers,power,105.025
2021-11-07 23:34:15.086,EV Chargers,power,97.819
2021-11-08 00:04:13.983,EV Chargers,power,90.577
2021-11-08 00:34:33.375,EV Chargers,power,80.904
2021-11-08 01:04:38.033,EV Chargers,power,71.865
2021-11-08 01:35:03.596,EV Chargers,power,58.506
2021-11-08 02:05:04.292,EV Chargers,power,47.285
2021-11-08 02:35:05.658,EV Chargers,power,37.27
2021-11-08 03:05:53.494,EV Chargers,power,31.406
2021-11-08 03:35:54.115,EV Chargers,power,29.079
2021-11-08 04:05:54.673,EV Chargers,power,23.091
2021-11-08 04:36:11.21,EV Chargers,power,18.795
2021-11-08 05:06:11.966,EV Chargers,power,17.789
2021-11-08 05:36:13.68,EV Chargers,power,21.606
2021-11-08 06:06:15.197,EV Chargers,power,21.735
2021-11-08 06:36:16.595,EV Chargers,power,25.998
2021-11-08 07:06:20.597,EV Chargers,power,42.834
2021-11-08 07:36:24.851,EV Chargers,power,63.626
2021-11-08 08:06:25.758,EV Chargers,power,69.931
2021-11-08 08:36:27.002,EV Chargers,power,75.056
2021-11-08 09:06:28.178,EV Chargers,power,71.511
2021-11-08 09:36:49.312,EV Chargers,power,68.987
2021-11-08 10:06:53.145,EV Chargers,power,70.433
2021-11-08 10:37:17.744,EV Chargers,power,68.483
2021-11-08 11:07:18.612,EV Chargers,power,64.747
2021-11-08 11:37:19.068,EV Chargers,power,67.192
2021-11-08 12:07:20.219,EV Chargers,power,71.569
2021-11-08 12:37:47.096,EV Chargers,power,76.612
2021-11-08 13:07:52.398,EV Chargers,power,73.16
2021-11-08 13:38:21.9,EV Chargers,power,72.362
2021-11-08 14:08:24.812,EV Chargers,power,80.403
2021-11-08 14:38:25.173,EV Chargers,power,87.759
2021-11-08 15:15:58.449,EV Chargers,power,102.838
2021-11-08 15:19:01.199,EV Chargers,power,102.838
2021-11-08 15:49:25.443,EV Chargers,power,115.695
2021-11-08 16:19:47.252,EV Chargers,power,138.358
2021-11-08 16:50:07.657,EV Chargers,power,150.866
